2000000-1-100-001_0_0.jpg,0
2000000-1-100-001_0_1.jpg,0
2000000-1-100-001_0_3.jpg,0
2000000-1-100-001_1_0.jpg,0
2000000-1-100-001_1_1.jpg,0
2000000-1-100-001_1_2.jpg,0
2000000-1-100-001_2_0.jpg,0
2000000-1-100-001_2_1.jpg,0
2000000-1-100-001_2_2.jpg,0
2000000-1-100-001_2_3.jpg,0
2012149-1-100-001_0_1.jpg,0
2012149-1-100-001_0_2.jpg,0
2012149-1-100-001_0_3.jpg,0
2012149-1-100-001_1_0.jpg,0
2012149-1-100-001_1_1.jpg,0
2012149-1-100-001_1_2.jpg,0
2012149-1-100-001_2_0.jpg,0
2012149-1-100-001_2_1.jpg,0
2012149-1-100-001_2_2.jpg,0
2012149-1-100-001_2_3.jpg,0
2012221-2-100-001_0_0.jpg,0
2012221-2-100-001_0_1.jpg,0
2012221-2-100-001_0_3.jpg,0
2012221-2-100-001_1_0.jpg,0
2012221-2-100-001_1_1.jpg,0
2012221-2-100-001_1_2.jpg,0
2012221-2-100-001_2_0.jpg,0
2012221-2-100-001_2_1.jpg,0
2012221-2-100-001_2_2.jpg,0
2012221-2-100-001_2_3.jpg,0
2012915-1-100-001_0_1.jpg,0
2012915-1-100-001_0_2.jpg,0
2012915-1-100-001_0_3.jpg,0
2012915-1-100-001_1_0.jpg,0
2012915-1-100-001_1_1.jpg,0
2012915-1-100-001_1_2.jpg,0
2012915-1-100-001_2_0.jpg,0
2012915-1-100-001_2_1.jpg,0
2012915-1-100-001_2_2.jpg,0
2012915-1-100-001_2_3.jpg,0
2012915-1-100-002_0_0.jpg,0
2012915-1-100-002_0_1.jpg,0
2012915-1-100-002_0_3.jpg,0
2012915-1-100-002_1_0.jpg,0
2012915-1-100-002_1_1.jpg,0
2012915-1-100-002_1_2.jpg,0
2012915-1-100-002_2_0.jpg,0
2012915-1-100-002_2_1.jpg,0
2012915-1-100-002_2_2.jpg,0
2012915-1-100-002_2_3.jpg,0
2012915-1-100-003_0_1.jpg,0
2012915-1-100-003_0_2.jpg,0
2012915-1-100-003_0_3.jpg,0
2012915-1-100-003_1_0.jpg,0
2012915-1-100-003_1_1.jpg,0
2012915-1-100-003_1_2.jpg,0
2012915-1-100-003_2_0.jpg,0
2012915-1-100-003_2_1.jpg,0
2012915-1-100-003_2_2.jpg,0
2012915-1-100-003_2_3.jpg,0
2013119-1-100-001_0_0.jpg,0
2013119-1-100-001_0_1.jpg,0
2013119-1-100-001_0_3.jpg,0
2013119-1-100-001_1_0.jpg,0
2013119-1-100-001_1_1.jpg,0
2013119-1-100-001_1_2.jpg,0
2013119-1-100-001_2_0.jpg,0
2013119-1-100-001_2_1.jpg,0
2013119-1-100-001_2_2.jpg,0
2013119-1-100-001_2_3.jpg,0
2013128-3-100-001_0_1.jpg,0
2013128-3-100-001_0_2.jpg,0
2013128-3-100-001_0_3.jpg,0
2013128-3-100-001_1_0.jpg,0
2013128-3-100-001_1_1.jpg,0
2013128-3-100-001_1_2.jpg,0
2013128-3-100-001_2_0.jpg,0
2013128-3-100-001_2_1.jpg,0
2013128-3-100-001_2_2.jpg,0
2013128-3-100-001_2_3.jpg,0
2014789-3-100-001_0_0.jpg,0
2014789-3-100-001_0_1.jpg,0
2014789-3-100-001_0_3.jpg,0
2014789-3-100-001_1_0.jpg,0
2014789-3-100-001_1_1.jpg,0
2014789-3-100-001_1_2.jpg,0
2014789-3-100-001_2_0.jpg,0
2014789-3-100-001_2_1.jpg,0
2014789-3-100-001_2_2.jpg,0
2014789-3-100-001_2_3.jpg,0
2016907-1-100-001_0_1.jpg,0
2016907-1-100-001_0_2.jpg,0
2016907-1-100-001_0_3.jpg,0
2016907-1-100-001_1_0.jpg,0
2016907-1-100-001_1_1.jpg,0
2016907-1-100-001_1_2.jpg,0
2016907-1-100-001_2_0.jpg,0
2016907-1-100-001_2_1.jpg,0
2016907-1-100-001_2_2.jpg,0
2016907-1-100-001_2_3.jpg,0
2016907-1-100-002_0_0.jpg,0
2016907-1-100-002_0_1.jpg,0
2016907-1-100-002_0_3.jpg,0
2016907-1-100-002_1_0.jpg,0
2016907-1-100-002_1_1.jpg,0
2016907-1-100-002_1_2.jpg,0
2016907-1-100-002_2_0.jpg,0
2016907-1-100-002_2_1.jpg,0
2016907-1-100-002_2_2.jpg,0
2016907-1-100-002_2_3.jpg,0
2016907-1-100-003_0_1.jpg,0
2016907-1-100-003_0_2.jpg,0
2016907-1-100-003_0_3.jpg,0
2016907-1-100-003_1_0.jpg,0
2016907-1-100-003_1_1.jpg,0
2016907-1-100-003_1_2.jpg,0
2016907-1-100-003_2_0.jpg,0
2016907-1-100-003_2_1.jpg,0
2016907-1-100-003_2_2.jpg,0
2016907-1-100-003_2_3.jpg,0
2017148-2-100-001_0_0.jpg,0
2017148-2-100-001_0_1.jpg,0
2017148-2-100-001_0_3.jpg,0
2017148-2-100-001_1_0.jpg,0
2017148-2-100-001_1_1.jpg,0
2017148-2-100-001_1_2.jpg,0
2017148-2-100-001_2_0.jpg,0
2017148-2-100-001_2_1.jpg,0
2017148-2-100-001_2_2.jpg,0
2017148-2-100-001_2_3.jpg,0
2017148-2-100-002_0_1.jpg,0
2017148-2-100-002_0_2.jpg,0
2017148-2-100-002_0_3.jpg,0
2017148-2-100-002_1_0.jpg,0
2017148-2-100-002_1_1.jpg,0
2017148-2-100-002_1_2.jpg,0
2017148-2-100-002_2_0.jpg,0
2017148-2-100-002_2_1.jpg,0
2017148-2-100-002_2_2.jpg,0
2017148-2-100-002_2_3.jpg,0
2100093-1-100-001_0_0.jpg,0
2100093-1-100-001_0_1.jpg,0
2100093-1-100-001_0_3.jpg,0
2100093-1-100-001_1_0.jpg,0
2100093-1-100-001_1_1.jpg,0
2100093-1-100-001_1_2.jpg,0
2100093-1-100-001_2_0.jpg,0
2100093-1-100-001_2_1.jpg,0
2100093-1-100-001_2_2.jpg,0
2100093-1-100-001_2_3.jpg,0
2100093-4-100-001_0_1.jpg,0
2100093-4-100-001_0_2.jpg,0
2100093-4-100-001_0_3.jpg,0
2100093-4-100-001_1_0.jpg,0
2100093-4-100-001_1_1.jpg,0
2100093-4-100-001_1_2.jpg,0
2100093-4-100-001_2_0.jpg,0
2100093-4-100-001_2_1.jpg,0
2100093-4-100-001_2_2.jpg,0
2100093-4-100-001_2_3.jpg,0
2100256-1-100-001_0_0.jpg,0
2100256-1-100-001_0_1.jpg,0
2100256-1-100-001_0_3.jpg,0
2100256-1-100-001_1_0.jpg,0
2100256-1-100-001_1_0_0.jpg,0
2100256-1-100-001_1_0_1.jpg,0
2100256-1-100-001_1_0_3.jpg,0
2100256-1-100-001_1_1.jpg,0
2100256-1-100-001_1_1_0.jpg,0
2100256-1-100-001_1_1_1.jpg,0
2100256-1-100-001_1_1_3.jpg,0
2100256-1-100-001_1_2.jpg,0
2100256-1-100-001_1_2_0.jpg,0
2100256-1-100-001_1_2_1.jpg,0
2100256-1-100-001_1_2_2.jpg,0
2100256-1-100-001_1_2_3.jpg,0
2100256-1-100-001_2_0.jpg,0
2100256-1-100-001_2_1.jpg,0
2100256-1-100-001_2_2.jpg,0
2100256-1-100-001_2_3.jpg,0
2100256-2-100-001_0_0.jpg,0
2100256-2-100-001_0_1.jpg,0
2100256-2-100-001_0_3.jpg,0
2100256-2-100-001_1_0.jpg,0
2100256-2-100-001_1_1.jpg,0
2100256-2-100-001_1_2.jpg,0
2100256-2-100-001_2_0.jpg,0
2100256-2-100-001_2_1.jpg,0
2100256-2-100-001_2_2.jpg,0
2100256-2-100-001_2_3.jpg,0
2100256-2-100-002_0_1.jpg,0
2100256-2-100-002_0_2.jpg,0
2100256-2-100-002_0_3.jpg,0
2100256-2-100-002_1_0.jpg,0
2100256-2-100-002_1_1.jpg,0
2100256-2-100-002_1_2.jpg,0
2100256-2-100-002_2_0.jpg,0
2100256-2-100-002_2_1.jpg,0
2100256-2-100-002_2_2.jpg,0
2100256-2-100-002_2_3.jpg,0
2100256-2-100-003_0_0.jpg,0
2100256-2-100-003_0_1.jpg,0
2100256-2-100-003_0_3.jpg,0
2100256-2-100-003_1_0.jpg,0
2100256-2-100-003_1_1.jpg,0
2100256-2-100-003_1_2.jpg,0
2100256-2-100-003_2_0.jpg,0
2100256-2-100-003_2_1.jpg,0
2100256-2-100-003_2_2.jpg,0
2100256-2-100-003_2_3.jpg,0
2100256-7-100-001_0_1.jpg,0
2100256-7-100-001_0_2.jpg,0
2100256-7-100-001_0_3.jpg,0
2100256-7-100-001_1_0.jpg,0
2100256-7-100-001_1_1.jpg,0
2100256-7-100-001_1_2.jpg,0
2100256-7-100-001_2_0.jpg,0
2100256-7-100-001_2_1.jpg,0
2100256-7-100-001_2_2.jpg,0
2100256-7-100-001_2_3.jpg,0
2100256-8-100-001_0_0.jpg,0
2100256-8-100-001_0_1.jpg,0
2100256-8-100-001_0_3.jpg,0
2100256-8-100-001_1_0.jpg,0
2100256-8-100-001_1_1.jpg,0
2100256-8-100-001_1_2.jpg,0
2100256-8-100-001_2_0.jpg,0
2100256-8-100-001_2_1.jpg,0
2100256-8-100-001_2_2.jpg,0
2100256-8-100-001_2_3.jpg,0
2100256-9-100-001_0_1.jpg,0
2100256-9-100-001_0_2.jpg,0
2100256-9-100-001_0_3.jpg,0
2100256-9-100-001_1_0.jpg,0
2100256-9-100-001_1_1.jpg,0
2100256-9-100-001_1_2.jpg,0
2100256-9-100-001_2_0.jpg,0
2100256-9-100-001_2_1.jpg,0
2100256-9-100-001_2_2.jpg,0
2100256-9-100-001_2_3.jpg,0
2100275-1-100-001_0_0.jpg,0
2100275-1-100-001_0_1.jpg,0
2100275-1-100-001_0_3.jpg,0
2100275-1-100-001_1_0.jpg,0
2100275-1-100-001_1_1.jpg,0
2100275-1-100-001_1_2.jpg,0
2100275-1-100-001_2_0.jpg,0
2100275-1-100-001_2_1.jpg,0
2100275-1-100-001_2_2.jpg,0
2100275-1-100-001_2_3.jpg,0
2100275-1-100-002_0_1.jpg,0
2100275-1-100-002_0_2.jpg,0
2100275-1-100-002_0_3.jpg,0
2100275-1-100-002_1_0.jpg,0
2100275-1-100-002_1_1.jpg,0
2100275-1-100-002_1_2.jpg,0
2100275-1-100-002_2_0.jpg,0
2100275-1-100-002_2_1.jpg,0
2100275-1-100-002_2_2.jpg,0
2100275-1-100-002_2_3.jpg,0
DC2100613-1-100-001_0_0.jpg,0
DC2100613-1-100-001_0_1.jpg,0
DC2100613-1-100-001_0_3.jpg,0
DC2100613-1-100-001_1_0.jpg,0
DC2100613-1-100-001_1_1.jpg,0
DC2100613-1-100-001_1_2.jpg,0
DC2100613-1-100-001_2_0.jpg,0
DC2100613-1-100-001_2_1.jpg,0
DC2100613-1-100-001_2_2.jpg,0
DC2100613-1-100-001_2_3.jpg,0
XC2012151-3-100-001_0_1.jpg,0
XC2012151-3-100-001_0_2.jpg,0
XC2012151-3-100-001_0_3.jpg,0
XC2012151-3-100-001_1_0.jpg,0
XC2012151-3-100-001_1_1.jpg,0
XC2012151-3-100-001_1_2.jpg,0
XC2012151-3-100-001_2_0.jpg,0
XC2012151-3-100-001_2_1.jpg,0
XC2012151-3-100-001_2_2.jpg,0
XC2012151-3-100-001_2_3.jpg,0
xc2012827-2-100-001_0_0.jpg,0
xc2012827-2-100-001_0_1.jpg,0
xc2012827-2-100-001_0_3.jpg,0
xc2012827-2-100-001_1_0.jpg,0
xc2012827-2-100-001_1_1.jpg,0
xc2012827-2-100-001_1_2.jpg,0
xc2012827-2-100-001_2_0.jpg,0
xc2012827-2-100-001_2_1.jpg,0
xc2012827-2-100-001_2_2.jpg,0
xc2012827-2-100-001_2_3.jpg,0
xc2102280-2-100-003.jpg,1
2001837-1-100-001.jpg,1
2001837-1-100-002.jpg,1
2001837-1-100-004.jpg,1
2001837-1-100-005.jpg,1
2001838-1-100-001.jpg,1
2012118-1-100-001.jpg,1
2012118-1-100-002.jpg,1
2012118-1-100-003.jpg,1
2012165-1-100-001.jpg,1
2012165-1-100-003.jpg,1
2012165-1-100-004.jpg,1
2012219-1-100-001.jpg,1
2012223-4-100-001.jpg,1
2012223-4-100-002.jpg,1
2012223-4-100-003.jpg,1
2012324-1-100-002.jpg,1
2012324-1-100-003.jpg,1
2012324-1-100-004.jpg,1
2012324-1-100-005.jpg,1
2012324-1-100-006.jpg,1
2012324-1-100-007.jpg,1
2012324-1-100-008.jpg,1
2012324-1-100-010.jpg,1
2012324-1-100-011.jpg,1
2012324-1-100-012.jpg,1
2012324-1-100-014.jpg,1
2012329-1-100-001.jpg,1
2012329-1-100-002.jpg,1
2012329-1-100-003.jpg,1
2012329-1-100-005.jpg,1
2012329-1-100-006.jpg,1
2012329-1-100-007.jpg,1
2012329-1-100-008.jpg,1
2012329-1-100-009.jpg,1
2012329-1-100-010.jpg,1
2012329-1-100-012.jpg,1
2012329-1-100-013.jpg,1
2012329-1-100-014.jpg,1
2012329-1-100-015.jpg,1
2012336-1-100-001.jpg,1
2012353-1-100-001.jpg,1
2012353-1-100-002.jpg,1
2012353-1-100-004.jpg,1
2012353-1-100-005.jpg,1
2012353-1-100-006.jpg,1
2012353-1-100-008.jpg,1
2012353-1-100-009.jpg,1
2012353-1-100-010.jpg,1
2012353-1-100-011.jpg,1
2012358-2-100-001.jpg,1
2012358-2-100-002.jpg,1
2012358-2-100-003.jpg,1
2012358-2-100-004.jpg,1
2012358-2-100-005.jpg,1
2012468-1-100-001.jpg,1
2012508-3-100-002.jpg,1
2012525-1-100-001.jpg,1
2013084-1-100-001.jpg,1
2013084-1-100-002.jpg,1
2013084-1-100-003.jpg,1
2013084-1-100-004.jpg,1
2013084-1-100-005.jpg,1
2013084-1-100-007.jpg,1
2013109-1-100-001.jpg,1
2013111-1-100-001.jpg,1
2013124-1-100-001.jpg,1
2013128-1-100-001.jpg,1
2013132-1-100-001.jpg,1
2013151-1-100-001.jpg,1
2014209-1-100-001.jpg,1
2014662-1-100-001.jpg,1
2014662-2-100-001.jpg,1
2014662-2-100-002.jpg,1
2014662-3-100-001.jpg,1
2014662-3-100-002.jpg,1
2014665-2-100-001.jpg,1
2014665-3-100-001.jpg,1
2014665-4-100-001.jpg,1
2014665-5-100-001.jpg,1
2014666-1-100-001.jpg,1
2014666-1-100-002.jpg,1
2014666-1-100-003.jpg,1
2014667-1-100-001.jpg,1
2014667-2-100-001.jpg,1
2014692-1-100-001.jpg,1
2014789-2-100-001.jpg,1
2014789-2-100-002.jpg,1
2014789-2-100-003.jpg,1
2014789-2-100-004.jpg,1
2014818-1-100-001.jpg,1
2014818-1-100-002.jpg,1
2014822-1-100-001.jpg,1
2014822-1-100-002.jpg,1
2014822-1-100-003.jpg,1
2015023-1-100-001.jpg,1
2015123-1-100-001.jpg,1
2015138-1-100-001.jpg,1
2015138-1-100-002.jpg,1
2015138-1-100-003.jpg,1
2015138-1-100-004.jpg,1
2015978-1-100-001.jpg,1
2016770-1-100-001.jpg,1
2016770-1-100-003.jpg,1
2016781-1-100-001.jpg,1
2016781-1-100-002.jpg,1
2016788-1-100-002.jpg,1
2016788-1-100-003.jpg,1
2016827-1-100-001.jpg,1
2016836-1-100-001.jpg,1
2016841-1-100-002.jpg,1
2016841-1-100-003.jpg,1
2016841-2-100-001.jpg,1
2016841-3-100-001.jpg,1
2016841-3-100-002.jpg,1
2016841-3-100-003.jpg,1
2016846-4-100-001.jpg,1
2016848-1-100-001.jpg,1
2016848-1-100-002.jpg,1
2016867-1-100-001.jpg,1
2016882-1-100-001.jpg,1
2016882-1-100-002.jpg,1
2016882-1-100-003.jpg,1
2016885-1-100-001.jpg,1
2016885-1-100-002.jpg,1
2016885-1-100-003.jpg,1
2016885-2-100-001.jpg,1
2016885-2-100-002.jpg,1
2016885-3-100-001.jpg,1
2016893-1-100-001.jpg,1
2016893-1-100-003.jpg,1
2016893-1-100-004.jpg,1
2016893-1-100-005.jpg,1
2016893-1-100-006.jpg,1
2016906-1-100-001.jpg,1
2016906-1-100-002.jpg,1
2016906-1-100-004.jpg,1
2016906-1-100-005.jpg,1
2016906-2-100-001.jpg,1
2016906-2-100-002.jpg,1
2017148-1-100-001.jpg,1
2017148-1-100-002.jpg,1
2017148-1-100-003.jpg,1
2017148-1-100-005.jpg,1
2017148-1-100-006.jpg,1
2017150-1-100-001.jpg,1
2100009-1-100-001.jpg,1
2100009-1-100-002.jpg,1
2100011-1-100-001.jpg,1
2100011-2-100-001.jpg,1
2100011-2-100-003.jpg,1
2100111-1-100-001.jpg,1
2100111-1-100-002.jpg,1
2100111-1-100-003.jpg,1
2100120-3-100-001.jpg,1
2100120-3-100-002.jpg,1
2100120-4-100-002.jpg,1
2100256-2-100-001.jpg,1
2100276-1-100-001.jpg,1
2100276-1-100-002.jpg,1
2100276-1-100-003.jpg,1
DC2100277-1-100-001.jpg,1
DC2100277-1-100-002.jpg,1
dc2102643-1-100-001.jpg,1
dc2102643-1-100-002.jpg,1
dc2102643-1-100-003.jpg,1
dc2102643-1-100-005.jpg,1
XC2012151-2-100-001.jpg,1
XC2012151-2-100-002.jpg,1
XC2012151-2-100-003.jpg,1
xc2012436-2-100-002.jpg,1
xc2012436-2-100-003.jpg,1
xc2012468-1-100-001.jpg,1
xc2012481-3-100-001.jpg,1
xc2012481-3-100-002.jpg,1
xc2012481-3-100-003.jpg,1
xc2012508-3-100-002.jpg,1
xc2012508-3-100-003.jpg,1
xc2012508-3-100-004.jpg,1
xc2012508-3-100-005.jpg,1
xc2012822-1-100-001.jpg,1
xc2012822-1-100-002.jpg,1
xc2012822-1-100-003.jpg,1
xc2012888-1-100-001.jpg,1
xc2012888-1-100-002.jpg,1
xc2012888-1-100-003.jpg,1
xc2012888-1-100-005.jpg,1
xc2012888-1-100-007.jpg,1
xc2012888-1-100-008.jpg,1
xc2012888-1-100-009.jpg,1
xc2012902-1-100-002.jpg,1
xc2012902-1-100-003.jpg,1
xc2012943-1-100-001.jpg,1
xc2012943-1-100-002.jpg,1
xc2012946-2-100-001.jpg,1
xc2012946-2-100-002.jpg,1
xc2012946-2-100-004.jpg,1
xc2012946-2-100-006.jpg,1
xc2012946-2-100-007.jpg,1
xc2012946-2-100-008.jpg,1
xc2012946-2-100-009.jpg,1
xc2012946-2-100-010.jpg,1
xc2012946-2-100-011.jpg,1
xc2012946-2-100-013.jpg,1
xc2012946-2-100-014.jpg,1
xc2012962-1-100-001.jpg,1
xc2012962-1-100-003.jpg,1
xc2012962-1-100-004.jpg,1
xc2012962-1-100-005.jpg,1
xc2012962-1-100-006.jpg,1
xc2012962-1-100-008.jpg,1
xc2012962-1-100-009.jpg,1
xc2012962-1-100-010.jpg,1
xc2012962-1-100-011.jpg,1
xc2012962-1-100-012.jpg,1
xc2012962-1-100-013.jpg,1
xc2012990-1-100-002.jpg,1
xc2012990-1-100-003.jpg,1
xc2012990-1-100-004.jpg,1
xc2012990-1-100-005.jpg,1
xc2012990-1-100-006.jpg,1
xc2012990-1-100-007.jpg,1
xc2012990-1-100-008.jpg,1
xc2012990-1-100-010.jpg,1
xc2012996-1-100-001.jpg,1
xc2012996-1-100-002.jpg,1
xc2012996-1-100-004.jpg,1
xc2012996-1-100-005.jpg,1
xc2012996-2-100-001.jpg,1
xc2012996-3-100-001.jpg,1
xc2012996-3-100-003.jpg,1
xc2012996-3-100-004.jpg,1
xc2013010-1-100-001.jpg,1
xc2013010-1-100-002.jpg,1
xc2013010-2-100-001.jpg,1
xc2013010-2-100-002.jpg,1
xc2013010-2-100-004.jpg,1
xc2013010-2-100-005.jpg,1
xc2013010-2-100-006.jpg,1
xc2013010-2-100-007.jpg,1
xc2013010-2-100-008.jpg,1
XC2013386-1-100-001.jpg,1
XC2013386-1-100-002.jpg,1
XC2013391-1-100-001.jpg,1
XC2013391-1-100-002.jpg,1
XC2013391-1-100-003.jpg,1
XC2013391-1-100-005.jpg,1
xc2013392-2-100-001.jpg,1
xc2013392-2-100-002.jpg,1
xc2013392-2-100-003.jpg,1
xc2013450-1-100-002.jpg,1
xc2013450-1-100-003.jpg,1
xc2013450-1-100-004.jpg,1
xc2013450-1-100-005.jpg,1
xc2013450-1-100-006.jpg,1
xc2013451-1-100-001.jpg,1
xc2013489-1-100-001.jpg,1
xc2013489-1-100-002.jpg,1
xc2013489-1-100-003.jpg,1
xc2013496-1-100-001.jpg,1
xc2013496-1-100-002.jpg,1
xc2013496-1-100-003.jpg,1
xc2013496-1-100-004.jpg,1
xc2013496-2-100-002.jpg,1
xc2013496-2-100-003.jpg,1
xc2013496-3-100-001.jpg,1
xc2013496-4-100-002.jpg,1
xc2013496-4-100-003.jpg,1
xc2013512-1-100-001.jpg,1
xc2013512-1-100-002.jpg,1
xc2013512-1-100-004.jpg,1
xc2013512-1-100-005.jpg,1
xc2013512-1-100-006.jpg,1
xc2013512-1-100-007.jpg,1
xc2013512-1-100-008.jpg,1
xc2013512-1-100-009.jpg,1
xc2013512-2-100-002.jpg,1
xc2013512-2-100-003.jpg,1
xc2013512-2-100-004.jpg,1
xc2013512-2-100-005.jpg,1
xc2013961-1-100-001.jpg,1
xc2013962-1-100-001.jpg,1
xc2013962-1-100-002.jpg,1
xc2013964-2-100-002.jpg,1
xc2013964-2-100-003.jpg,1
xc2013965-1-100-001.jpg,1
xc2013965-1-100-003.jpg,1
xc2013965-1-100-004.jpg,1
xc2013980-1-100-001.jpg,1
xc2013980-1-100-002.jpg,1
xc2013980-1-100-004.jpg,1
xc2013980-1-100-005.jpg,1
XC2014065-1-100-001.jpg,1
XC2014065-1-100-002.jpg,1
XC2014065-1-100-003.jpg,1
XC2014065-1-100-004.jpg,1
xc2014065-2-100-002.jpg,1
xc2014065-2-100-003.jpg,1
xc2014065-2-100-004.jpg,1
xc2014065-2-100-005.jpg,1
xc2014065-2-100-006.jpg,1
xc2014131-1-100-001.jpg,1
xc2014131-1-100-002.jpg,1
XC2014131-1-100-004.jpg,1
XC2014131-1-100-005.jpg,1
XC2014131-1-100-006.jpg,1
xc2014131-3-100-001.jpg,1
xc2014131-3-100-002.jpg,1
xc2014131-3-100-003.jpg,1
xc2014144-3-100-001.jpg,1
XC2014144-3-100-003.jpg,1
XC2014144-3-100-004.jpg,1
XC2014144-3-100-005.jpg,1
XC2014144-3-100-006.jpg,1
XC2014144-3-100-007.jpg,1
XC2014144-3-100-008.jpg,1
xc2014144-4-100-002.jpg,1
xc2014144-4-100-003.jpg,1
xc2014144-5-100-001.jpg,1
xc2014144-5-100-002.jpg,1
xc2014144-5-100-003.jpg,1
XC2014153-3-100-001.jpg,1
XC2014153-3-100-002.jpg,1
XC2014153-3-100-004.jpg,1
XC2014153-3-100-005.jpg,1
XC2014153-3-100-006.jpg,1
XC2014153-3-100-008.jpg,1
XC2015344-2-100-001.jpg,1
XC2015344-2-100-002.jpg,1
XC2015344-2-100-003.jpg,1
XC2015344-2-100-005.jpg,1
XC2015344-2-100-006.jpg,1
XC2015349-2-100-001.jpg,1
XC2015349-2-100-002.jpg,1
XC2015349-2-100-003.jpg,1
XC2015349-2-100-004.jpg,1
XC2015349-2-100-006.jpg,1
XC2015349-2-100-007.jpg,1
XC2015354-1-100-001.jpg,1
XC2015354-1-100-002.jpg,1
XC2015354-1-100-003.jpg,1
XC2015354-1-100-004.jpg,1
XC2015354-1-100-005.jpg,1
XC2015354-1-100-007.jpg,1
XC2015354-1-100-008.jpg,1
XC2015362-9-100-001.jpg,1
XC2015371-1-100-001.jpg,1
XC2015371-1-100-002.jpg,1
XC2015371-1-100-003.jpg,1
XC2015371-1-100-004.jpg,1
XC2015401-1-100-002.jpg,1
XC2015401-1-100-003.jpg,1
XC2015401-1-100-004.jpg,1
XC2015401-1-100-005.jpg,1
XC2015401-1-100-006.jpg,1
XC2015401-1-100-007.jpg,1
XC2015413-3-100-002.jpg,1
XC2015422-1-100-001.jpg,1
XC2015422-1-100-002.jpg,1
XC2015422-1-100-003.jpg,1
XC2015422-1-100-004.jpg,1
XC2015422-1-100-005.jpg,1
XC2015422-1-100-006.jpg,1
XC2015426-1-100-001.jpg,1
XC2015426-1-100-002.jpg,1
XC2015426-1-100-003.jpg,1
XC2015426-1-100-005.jpg,1
XC2102280-1-100-001.jpg,1
XC2102280-1-100-002.jpg,1
XC2102280-1-100-003.jpg,1
xc2102280-2-100-001.jpg,1
xc2102280-2-100-002.jpg,1
